Treatment,Date,Group,Sex,Time,Weight,Growth Rate,Notes,Ctime
sham,oct 3rd,Oct_3_Sham,F,41,443,10.80487805,,-5.362068966
sham,oct 3rd,Oct_3_Sham,F,41,402,9.804878049,,-5.362068966
sham,oct 3rd,Oct_3_Sham,F,42,402,9.571428571,,-4.362068966
sham,oct 3rd,Oct_3_Sham,F,42,451,10.73809524,,-4.362068966
sham,oct 3rd,Oct_3_Sham,F,43,433,10.06976744,,-3.362068966
sham,oct 3rd,Oct_3_Sham,F,43,455,10.58139535,,-3.362068966
sham,oct 3rd,Oct_3_Sham,F,45,605,13.44444444,,-1.362068966
sham,oct 3rd,Oct_3_Sham,F,45,461,10.24444444,,-1.362068966
sham,oct 3rd,Oct_3_Sham,F,45,546,12.13333333,,-1.362068966
sham,oct 3rd,Oct_3_Sham,F,45,430,9.555555556,,-1.362068966
sham,oct 3rd,Oct_3_Sham,F,45,454,10.08888889,,-1.362068966
sham,oct 3rd,Oct_3_Sham,F,45,463,10.28888889,,-1.362068966
sham,oct 3rd,Oct_3_Sham,F,46,450,9.782608696,,-0.362068966
sham,oct 3rd,Oct_3_Sham,F,46,483,10.5,,-0.362068966
sham,oct 3rd,Oct_3_Sham,F,46,448,9.739130435,,-0.362068966
sham,oct 3rd,Oct_3_Sham,F,46,511,11.10869565,,-0.362068966
sham,oct 3rd,Oct_3_Sham,F,46,509,11.06521739,,-0.362068966
sham,oct 3rd,Oct_3_Sham,F,46,494,10.73913043,,-0.362068966
sham,oct 3rd,Oct_3_Sham,F,46,431,9.369565217,,-0.362068966
sham,oct 3rd,Oct_3_Sham,F,46,495,10.76086957,,-0.362068966
sham,oct 3rd,Oct_3_Sham,F,46,561,12.19565217,,-0.362068966
sham,oct 3rd,Oct_3_Sham,F,46,464,10.08695652,,-0.362068966
sham,oct 3rd,Oct_3_Sham,F,46,505,10.97826087,,-0.362068966
sham,oct 3rd,Oct_3_Sham,F,46,512,11.13043478,,-0.362068966
sham,oct 3rd,Oct_3_Sham,F,46,480,10.43478261,,-0.362068966
sham,oct 3rd,Oct_3_Sham,F,46,503,10.93478261,,-0.362068966
sham,oct 3rd,Oct_3_Sham,F,46,495,10.76086957,,-0.362068966
sham,oct 3rd,Oct_3_Sham,F,46,426,9.260869565,,-0.362068966
sham,oct 3rd,Oct_3_Sham,F,46,449,9.760869565,,-0.362068966
sham,oct 3rd,Oct_3_Sham,F,46,474,10.30434783,,-0.362068966
sham,oct 3rd,Oct_3_Sham,F,47,395,8.404255319,,0.637931034
sham,oct 3rd,Oct_3_Sham,F,47,590,12.55319149,,0.637931034
sham,oct 3rd,Oct_3_Sham,F,47,620,13.19148936,,0.637931034
sham,oct 3rd,Oct_3_Sham,F,47,473,10.06382979,,0.637931034
sham,oct 3rd,Oct_3_Sham,F,47,494,10.5106383,,0.637931034
sham,oct 3rd,Oct_3_Sham,F,47,549,11.68085106,,0.637931034
sham,oct 3rd,Oct_3_Sham,F,47,533,11.34042553,,0.637931034
sham,oct 3rd,Oct_3_Sham,F,47,586,12.46808511,,0.637931034
sham,oct 3rd,Oct_3_Sham,F,47,457,9.723404255,,0.637931034
sham,oct 3rd,Oct_3_Sham,F,47,443,9.425531915,,0.637931034
sham,oct 3rd,Oct_3_Sham,F,47,484,10.29787234,,0.637931034
sham,oct 3rd,Oct_3_Sham,F,47,466,9.914893617,,0.637931034
sham,oct 3rd,Oct_3_Sham,F,47,365,7.765957447,MISSING 3/4 HIND LEG X1,0.637931034
sham,oct 3rd,Oct_3_Sham,F,47,390,8.29787234,MISSING HIND LEG X1,0.637931034
sham,oct 3rd,Oct_3_Sham,F,48,580,12.08333333,,1.637931034
sham,oct 3rd,Oct_3_Sham,F,48,491,10.22916667,,1.637931034
sham,oct 3rd,Oct_3_Sham,F,48,538,11.20833333,,1.637931034
sham,oct 3rd,Oct_3_Sham,F,48,588,12.25,,1.637931034
sham,oct 3rd,Oct_3_Sham,F,48,443,9.229166667,,1.637931034
sham,oct 3rd,Oct_3_Sham,F,48,559,11.64583333,,1.637931034
sham,oct 3rd,Oct_3_Sham,F,48,517,10.77083333,,1.637931034
sham,oct 3rd,Oct_3_Sham,F,48,406,8.458333333,POOR WING DEVELOPMENT,1.637931034
sham,oct 3rd,Oct_3_Sham,F,48,478,9.958333333,,1.637931034
sham,oct 3rd,Oct_3_Sham,F,49,391,7.979591837,,2.637931034
sham,oct 3rd,Oct_3_Sham,F,49,546,11.14285714,,2.637931034
sham,oct 3rd,Oct_3_Sham,F,49,483,9.857142857,,2.637931034
sham,oct 3rd,Oct_3_Sham,F,50,310,6.2,"MISSING HIND LEG X1, POOR WING DEVELOPMENT",3.637931034
sham,oct 3rd,Oct_3_Sham,F,52,284,5.461538462,MISSING HIND LEG X1,5.637931034
sham,oct 3rd,Oct_3_Sham,M,42,368,8.761904762,,-4.913043478
sham,oct 3rd,Oct_3_Sham,M,42,399,9.5,,-4.913043478
sham,oct 3rd,Oct_3_Sham,M,43,335,7.790697674,,-3.913043478
sham,oct 3rd,Oct_3_Sham,M,43,367,8.534883721,,-3.913043478
sham,oct 3rd,Oct_3_Sham,M,43,333,7.744186047,,-3.913043478
sham,oct 3rd,Oct_3_Sham,M,43,356,8.279069767,,-3.913043478
sham,oct 3rd,Oct_3_Sham,M,43,418,9.720930233,,-3.913043478
sham,oct 3rd,Oct_3_Sham,M,44,342,7.772727273,,-2.913043478
sham,oct 3rd,Oct_3_Sham,M,46,477,10.36956522,,-0.913043478
sham,oct 3rd,Oct_3_Sham,M,46,447,9.717391304,,-0.913043478
sham,oct 3rd,Oct_3_Sham,M,46,441,9.586956522,,-0.913043478
sham,oct 3rd,Oct_3_Sham,M,46,418,9.086956522,,-0.913043478
sham,oct 3rd,Oct_3_Sham,M,46,448,9.739130435,,-0.913043478
sham,oct 3rd,Oct_3_Sham,M,47,439,9.340425532,,0.086956522
sham,oct 3rd,Oct_3_Sham,M,47,470,10,,0.086956522
sham,oct 3rd,Oct_3_Sham,M,47,497,10.57446809,,0.086956522
sham,oct 3rd,Oct_3_Sham,M,47,502,10.68085106,,0.086956522
sham,oct 3rd,Oct_3_Sham,M,47,396,8.425531915,MISSING HIND LEG X1,0.086956522
sham,oct 3rd,Oct_3_Sham,M,47,407,8.659574468,,0.086956522
sham,oct 3rd,Oct_3_Sham,M,47,454,9.659574468,,0.086956522
sham,oct 3rd,Oct_3_Sham,M,47,479,10.19148936,,0.086956522
sham,oct 3rd,Oct_3_Sham,M,47,463,9.85106383,,0.086956522
sham,oct 3rd,Oct_3_Sham,M,47,517,11,,0.086956522
sham,oct 3rd,Oct_3_Sham,M,47,480,10.21276596,,0.086956522
sham,oct 3rd,Oct_3_Sham,M,47,508,10.80851064,,0.086956522
sham,oct 3rd,Oct_3_Sham,M,47,482,10.25531915,,0.086956522
sham,oct 3rd,Oct_3_Sham,M,47,505,10.74468085,,0.086956522
sham,oct 3rd,Oct_3_Sham,M,48,475,9.895833333,,1.086956522
sham,oct 3rd,Oct_3_Sham,M,48,457,9.520833333,,1.086956522
sham,oct 3rd,Oct_3_Sham,M,48,448,9.333333333,,1.086956522
sham,oct 3rd,Oct_3_Sham,M,48,477,9.9375,,1.086956522
sham,oct 3rd,Oct_3_Sham,M,48,423,8.8125,,1.086956522
sham,oct 3rd,Oct_3_Sham,M,48,491,10.22916667,,1.086956522
sham,oct 3rd,Oct_3_Sham,M,48,460,9.583333333,,1.086956522
sham,oct 3rd,Oct_3_Sham,M,48,530,11.04166667,,1.086956522
sham,oct 3rd,Oct_3_Sham,M,48,533,11.10416667,,1.086956522
sham,oct 3rd,Oct_3_Sham,M,48,478,9.958333333,,1.086956522
sham,oct 3rd,Oct_3_Sham,M,49,544,11.10204082,,2.086956522
sham,oct 3rd,Oct_3_Sham,M,49,427,8.714285714,,2.086956522
sham,oct 3rd,Oct_3_Sham,M,49,367,7.489795918,STUCK SHED,2.086956522
sham,oct 3rd,Oct_3_Sham,M,49,407,8.306122449,,2.086956522
sham,oct 3rd,Oct_3_Sham,M,49,503,10.26530612,,2.086956522
sham,oct 3rd,Oct_3_Sham,M,50,406,8.12,,3.086956522
sham,oct 3rd,Oct_3_Sham,M,50,556,11.12,,3.086956522
sham,oct 3rd,Oct_3_Sham,M,50,413,8.26,,3.086956522
sham,oct 3rd,Oct_3_Sham,M,52,317,6.096153846,,5.086956522
sham,oct 4th,Oct_4_Sham,F,48,506,10.54166667,,4.538461538
sham,oct 4th,Oct_4_Sham,F,48,578,12.04166667,,4.538461538
sham,oct 4th,Oct_4_Sham,F,48,478,9.958333333,,4.538461538
sham,oct 4th,Oct_4_Sham,F,48,573,11.9375,,4.538461538
sham,oct 4th,Oct_4_Sham,F,43,363,8.441860465,,-0.461538462
sham,oct 4th,Oct_4_Sham,F,46,521,11.32608696,,2.538461538
sham,oct 4th,Oct_4_Sham,F,46,462,10.04347826,,2.538461538
sham,oct 4th,Oct_4_Sham,F,42,373,8.880952381,,-1.461538462
sham,oct 4th,Oct_4_Sham,F,42,434,10.33333333,,-1.461538462
sham,oct 4th,Oct_4_Sham,F,42,414,9.857142857,,-1.461538462
sham,oct 4th,Oct_4_Sham,F,42,421,10.02380952,,-1.461538462
sham,oct 4th,Oct_4_Sham,F,42,422,10.04761905,,-1.461538462
sham,oct 4th,Oct_4_Sham,F,42,454,10.80952381,,-1.461538462
sham,oct 4th,Oct_4_Sham,F,42,352,8.380952381,,-1.461538462
sham,oct 4th,Oct_4_Sham,F,47,508,10.80851064,,3.538461538
sham,oct 4th,Oct_4_Sham,F,47,550,11.70212766,,3.538461538
sham,oct 4th,Oct_4_Sham,F,47,596,12.68085106,,3.538461538
sham,oct 4th,Oct_4_Sham,F,47,601,12.78723404,,3.538461538
sham,oct 4th,Oct_4_Sham,F,46,530,11.52173913,,2.538461538
sham,oct 4th,Oct_4_Sham,F,46,429,9.326086957,,2.538461538
sham,oct 4th,Oct_4_Sham,F,46,521,11.32608696,,2.538461538
sham,oct 4th,Oct_4_Sham,F,43,337,7.837209302,POOR WING DEVELOPMENT,-0.461538462
sham,oct 4th,Oct_4_Sham,F,43,437,10.1627907,,-0.461538462
sham,oct 4th,Oct_4_Sham,F,43,401,9.325581395,,-0.461538462
sham,oct 4th,Oct_4_Sham,F,43,440,10.23255814,,-0.461538462
sham,oct 4th,Oct_4_Sham,F,46,430,9.347826087,,2.538461538
sham,oct 4th,Oct_4_Sham,F,43,471,10.95348837,,-0.461538462
sham,oct 4th,Oct_4_Sham,F,43,411,9.558139535,,-0.461538462
sham,oct 4th,Oct_4_Sham,F,42,413,9.833333333,,-1.461538462
sham,oct 4th,Oct_4_Sham,F,41,359,8.756097561,,-2.461538462
sham,oct 4th,Oct_4_Sham,F,41,459,11.19512195,,-2.461538462
sham,oct 4th,Oct_4_Sham,F,41,499,12.17073171,,-2.461538462
sham,oct 4th,Oct_4_Sham,F,42,395,9.404761905,,-1.461538462
sham,oct 4th,Oct_4_Sham,F,45,442,9.822222222,,1.538461538
sham,oct 4th,Oct_4_Sham,F,49,487,9.93877551,,5.538461538
sham,oct 4th,Oct_4_Sham,F,41,329,8.024390244,POOR WING DEVELOPMENT,-2.461538462
sham,oct 4th,Oct_4_Sham,F,41,367,8.951219512,,-2.461538462
sham,oct 4th,Oct_4_Sham,F,41,384,9.365853659,,-2.461538462
sham,oct 4th,Oct_4_Sham,F,41,454,11.07317073,,-2.461538462
sham,oct 4th,Oct_4_Sham,F,41,391,9.536585366,,-2.461538462
sham,oct 4th,Oct_4_Sham,F,41,389,9.487804878,STUCK SHED ON WING,-2.461538462
sham,oct 4th,Oct_4_Sham,F,42,464,11.04761905,POOR WING DEVELOPMENT,-1.461538462
sham,oct 4th,Oct_4_Sham,F,42,386,9.19047619,,-1.461538462
sham,oct 4th,Oct_4_Sham,F,42,437,10.4047619,POOR WING DEVELOPMENT,-1.461538462
sham,oct 4th,Oct_4_Sham,F,42,499,11.88095238,,-1.461538462
sham,oct 4th,Oct_4_Sham,F,42,499,11.88095238,,-1.461538462
sham,oct 4th,Oct_4_Sham,F,42,459,10.92857143,,-1.461538462
sham,oct 4th,Oct_4_Sham,F,42,497,11.83333333,,-1.461538462
sham,oct 4th,Oct_4_Sham,F,42,401,9.547619048,,-1.461538462
sham,oct 4th,Oct_4_Sham,F,42,466,11.0952381,,-1.461538462
sham,oct 4th,Oct_4_Sham,F,42,371,8.833333333,,-1.461538462
sham,oct 4th,Oct_4_Sham,F,42,373,8.880952381,,-1.461538462
sham,oct 4th,Oct_4_Sham,M,46,349,7.586956522,,1.083333333
sham,oct 4th,Oct_4_Sham,M,45,395,8.777777778,,0.083333333
sham,oct 4th,Oct_4_Sham,M,45,443,9.844444444,,0.083333333
sham,oct 4th,Oct_4_Sham,M,46,461,10.02173913,,1.083333333
sham,oct 4th,Oct_4_Sham,M,45,424,9.422222222,,0.083333333
sham,oct 4th,Oct_4_Sham,M,46,396,8.608695652,,1.083333333
sham,oct 4th,Oct_4_Sham,M,45,359,7.977777778,,0.083333333
sham,oct 4th,Oct_4_Sham,M,45,380,8.444444444,,0.083333333
sham,oct 4th,Oct_4_Sham,M,49,447,9.12244898,,4.083333333
sham,oct 4th,Oct_4_Sham,M,49,418,8.530612245,,4.083333333
sham,oct 4th,Oct_4_Sham,M,49,477,9.734693878,,4.083333333
sham,oct 4th,Oct_4_Sham,M,49,430,8.775510204,,4.083333333
sham,oct 4th,Oct_4_Sham,M,50,562,11.24,,5.083333333
sham,oct 4th,Oct_4_Sham,M,50,484,9.68,,5.083333333
sham,oct 4th,Oct_4_Sham,M,49,403,8.224489796,,4.083333333
sham,oct 4th,Oct_4_Sham,M,48,449,9.354166667,,3.083333333
sham,oct 4th,Oct_4_Sham,M,47,504,10.72340426,,2.083333333
sham,oct 4th,Oct_4_Sham,M,47,451,9.595744681,,2.083333333
sham,oct 4th,Oct_4_Sham,M,48,553,11.52083333,,3.083333333
sham,oct 4th,Oct_4_Sham,M,48,468,9.75,,3.083333333
sham,oct 4th,Oct_4_Sham,M,48,510,10.625,,3.083333333
sham,oct 4th,Oct_4_Sham,M,48,486,10.125,,3.083333333
sham,oct 4th,Oct_4_Sham,M,43,398,9.255813953,,-1.916666667
sham,oct 4th,Oct_4_Sham,M,43,350,8.139534884,,-1.916666667
sham,oct 4th,Oct_4_Sham,M,43,355,8.255813953,,-1.916666667
sham,oct 4th,Oct_4_Sham,M,43,362,8.418604651,,-1.916666667
sham,oct 4th,Oct_4_Sham,M,43,347,8.069767442,,-1.916666667
sham,oct 4th,Oct_4_Sham,M,44,367,8.340909091,MISSING HINDLEG X1,-0.916666667
sham,oct 4th,Oct_4_Sham,M,44,383,8.704545455,,-0.916666667
sham,oct 4th,Oct_4_Sham,M,43,309,7.186046512,,-1.916666667
sham,oct 4th,Oct_4_Sham,M,44,343,7.795454545,,-0.916666667
sham,oct 4th,Oct_4_Sham,M,43,369,8.581395349,,-1.916666667
sham,oct 4th,Oct_4_Sham,M,42,431,10.26190476,,-2.916666667
sham,oct 4th,Oct_4_Sham,M,42,338,8.047619048,,-2.916666667
sham,oct 4th,Oct_4_Sham,M,42,424,10.0952381,,-2.916666667
sham,oct 4th,Oct_4_Sham,M,42,369,8.785714286,,-2.916666667
sham,oct 4th,Oct_4_Sham,M,42,378,9,,-2.916666667
sham,oct 4th,Oct_4_Sham,M,43,395,9.186046512,,-1.916666667
sham,oct 4th,Oct_4_Sham,M,43,380,8.837209302,,-1.916666667
sham,oct 4th,Oct_4_Sham,M,42,392,9.333333333,,-2.916666667
sham,oct 4th,Oct_4_Sham,M,42,350,8.333333333,,-2.916666667
sham,oct 4th,Oct_4_Sham,M,44,401,9.113636364,,-0.916666667
sham,oct 4th,Oct_4_Sham,M,44,364,8.272727273,,-0.916666667
sham,oct 4th,Oct_4_Sham,M,44,347,7.886363636,MISSING HINDLEG TIP X1,-0.916666667
sham,oct 4th,Oct_4_Sham,M,44,451,10.25,,-0.916666667
sham,oct 4th,Oct_4_Sham,M,44,399,9.068181818,,-0.916666667
sham,oct 4th,Oct_4_Sham,M,45,386,8.577777778,,0.083333333
sham,oct 4th,Oct_4_Sham,M,45,397,8.822222222,,0.083333333
sham,oct 4th,Oct_4_Sham,M,45,356,7.911111111,,0.083333333
sham,oct 4th,Oct_4_Sham,M,45,384,8.533333333,,0.083333333
sham,oct 4th,Oct_4_Sham,M,44,320,7.272727273,,-0.916666667
sham,oct 4th,Oct_4_Sham,M,44,344,7.818181818,,-0.916666667
sham,oct 4th,Oct_4_Sham,M,44,336,7.636363636,,-0.916666667
sham,oct 4th,Oct_4_Sham,M,44,363,8.25,,-0.916666667
sham,oct 4th,Oct_4_Sham,M,44,382,8.681818182,,-0.916666667
sham,oct 4th,Oct_4_Sham,M,44,366,8.318181818,,-0.916666667
sham,oct 4th,Oct_4_Sham,M,44,337,7.659090909,,-0.916666667
sham,oct 4th,Oct_4_Sham,M,44,339,7.704545455,,-0.916666667
sham,oct 4th,Oct_4_Sham,M,44,422,9.590909091,MISSING HINDLEG X1,-0.916666667
sham,oct 4th,Oct_4_Sham,M,44,435,9.886363636,,-0.916666667
sham,oct 5th,Oct_5_Sham,F,40,390,9.75,,-0.307692308
sham,oct 5th,Oct_5_Sham,F,40,448,11.2,,-0.307692308
sham,oct 5th,Oct_5_Sham,F,40,442,11.05,,-0.307692308
sham,oct 5th,Oct_5_Sham,F,40,425,10.625,,-0.307692308
sham,oct 5th,Oct_5_Sham,F,40,422,10.55,,-0.307692308
sham,oct 5th,Oct_5_Sham,F,40,378,9.45,,-0.307692308
sham,oct 5th,Oct_5_Sham,F,40,366,9.15,,-0.307692308
sham,oct 5th,Oct_5_Sham,F,40,457,11.425,,-0.307692308
sham,oct 5th,Oct_5_Sham,F,45,506,11.24444444,,4.692307692
sham,oct 5th,Oct_5_Sham,F,45,401,8.911111111,,4.692307692
sham,oct 5th,Oct_5_Sham,F,40,424,10.6,,-0.307692308
sham,oct 5th,Oct_5_Sham,F,40,403,10.075,,-0.307692308
sham,oct 5th,Oct_5_Sham,F,40,399,9.975,,-0.307692308
sham,oct 5th,Oct_5_Sham,F,40,415,10.375,,-0.307692308
sham,oct 5th,Oct_5_Sham,F,42,357,8.5,,1.692307692
sham,oct 5th,Oct_5_Sham,F,42,430,10.23809524,,1.692307692
sham,oct 5th,Oct_5_Sham,F,44,454,10.31818182,,3.692307692
sham,oct 5th,Oct_5_Sham,F,41,437,10.65853659,,0.692307692
sham,oct 5th,Oct_5_Sham,F,41,369,9,,0.692307692
sham,oct 5th,Oct_5_Sham,F,41,411,10.02439024,,0.692307692
sham,oct 5th,Oct_5_Sham,F,41,359,8.756097561,MISSING HIND LEG X1,0.692307692
sham,oct 5th,Oct_5_Sham,F,40,480,12,,-0.307692308
sham,oct 5th,Oct_5_Sham,F,40,430,10.75,,-0.307692308
sham,oct 5th,Oct_5_Sham,F,40,498,12.45,,-0.307692308
sham,oct 5th,Oct_5_Sham,F,40,483,12.075,,-0.307692308
sham,oct 5th,Oct_5_Sham,F,40,535,13.375,,-0.307692308
sham,oct 5th,Oct_5_Sham,F,40,388,9.7,,-0.307692308
sham,oct 5th,Oct_5_Sham,F,40,397,9.925,,-0.307692308
sham,oct 5th,Oct_5_Sham,F,45,664,14.75555556,,4.692307692
sham,oct 5th,Oct_5_Sham,F,39,419,10.74358974,,-1.307692308
sham,oct 5th,Oct_5_Sham,F,39,518,13.28205128,,-1.307692308
sham,oct 5th,Oct_5_Sham,F,39,397,10.17948718,,-1.307692308
sham,oct 5th,Oct_5_Sham,F,39,433,11.1025641,,-1.307692308
sham,oct 5th,Oct_5_Sham,F,39,441,11.30769231,,-1.307692308
sham,oct 5th,Oct_5_Sham,F,39,443,11.35897436,,-1.307692308
sham,oct 5th,Oct_5_Sham,F,39,398,10.20512821,,-1.307692308
sham,oct 5th,Oct_5_Sham,F,38,407,10.71052632,,-2.307692308
sham,oct 5th,Oct_5_Sham,F,38,416,10.94736842,,-2.307692308
sham,oct 5th,Oct_5_Sham,F,37,449,12.13513514,,-3.307692308
sham,oct 5th,Oct_5_Sham,F,38,445,11.71052632,,-2.307692308
sham,oct 5th,Oct_5_Sham,F,38,459,12.07894737,,-2.307692308
sham,oct 5th,Oct_5_Sham,F,38,411,10.81578947,,-2.307692308
sham,oct 5th,Oct_5_Sham,F,38,433,11.39473684,,-2.307692308
sham,oct 5th,Oct_5_Sham,F,46,565,12.2826087,,5.692307692
sham,oct 5th,Oct_5_Sham,F,39,494,12.66666667,,-1.307692308
sham,oct 5th,Oct_5_Sham,F,45,535,11.88888889,POOR WING DEVELOPMENT,4.692307692
sham,oct 5th,Oct_5_Sham,F,46,584,12.69565217,,5.692307692
sham,oct 5th,Oct_5_Sham,F,39,406,10.41025641,,-1.307692308
sham,oct 5th,Oct_5_Sham,F,39,463,11.87179487,,-1.307692308
sham,oct 5th,Oct_5_Sham,F,39,449,11.51282051,,-1.307692308
sham,oct 5th,Oct_5_Sham,F,39,468,12,,-1.307692308
sham,oct 5th,Oct_5_Sham,F,39,446,11.43589744,,-1.307692308
sham,oct 5th,Oct_5_Sham,M,42,406,9.666666667,,0.12962963
sham,oct 5th,Oct_5_Sham,M,42,388,9.238095238,,0.12962963
sham,oct 5th,Oct_5_Sham,M,42,380,9.047619048,,0.12962963
sham,oct 5th,Oct_5_Sham,M,42,393,9.357142857,,0.12962963
sham,oct 5th,Oct_5_Sham,M,42,414,9.857142857,,0.12962963
sham,oct 5th,Oct_5_Sham,M,42,353,8.404761905,,0.12962963
sham,oct 5th,Oct_5_Sham,M,42,370,8.80952381,,0.12962963
sham,oct 5th,Oct_5_Sham,M,46,507,11.02173913,,4.12962963
sham,oct 5th,Oct_5_Sham,M,45,437,9.711111111,,3.12962963
sham,oct 5th,Oct_5_Sham,M,46,503,10.93478261,,4.12962963
sham,oct 5th,Oct_5_Sham,M,42,336,8,,0.12962963
sham,oct 5th,Oct_5_Sham,M,44,463,10.52272727,,2.12962963
sham,oct 5th,Oct_5_Sham,M,43,186,4.325581395,,1.12962963
sham,oct 5th,Oct_5_Sham,M,47,543,11.55319149,,5.12962963
sham,oct 5th,Oct_5_Sham,M,47,456,9.70212766,,5.12962963
sham,oct 5th,Oct_5_Sham,M,48,507,10.5625,,6.12962963
sham,oct 5th,Oct_5_Sham,M,43,371,8.627906977,,1.12962963
sham,oct 5th,Oct_5_Sham,M,42,358,8.523809524,,0.12962963
sham,oct 5th,Oct_5_Sham,M,42,361,8.595238095,,0.12962963
sham,oct 5th,Oct_5_Sham,M,43,414,9.627906977,,1.12962963
sham,oct 5th,Oct_5_Sham,M,43,415,9.651162791,,1.12962963
sham,oct 5th,Oct_5_Sham,M,43,347,8.069767442,,1.12962963
sham,oct 5th,Oct_5_Sham,M,42,364,8.666666667,,0.12962963
sham,oct 5th,Oct_5_Sham,M,40,465,11.625,,-1.87037037
sham,oct 5th,Oct_5_Sham,M,40,356,8.9,,-1.87037037
sham,oct 5th,Oct_5_Sham,M,40,444,11.1,,-1.87037037
sham,oct 5th,Oct_5_Sham,M,40,364,9.1,,-1.87037037
sham,oct 5th,Oct_5_Sham,M,41,365,8.902439024,,-0.87037037
sham,oct 5th,Oct_5_Sham,M,41,368,8.975609756,,-0.87037037
sham,oct 5th,Oct_5_Sham,M,41,350,8.536585366,,-0.87037037
sham,oct 5th,Oct_5_Sham,M,40,339,8.475,,-1.87037037
sham,oct 5th,Oct_5_Sham,M,40,371,9.275,,-1.87037037
sham,oct 5th,Oct_5_Sham,M,40,373,9.325,,-1.87037037
sham,oct 5th,Oct_5_Sham,M,39,392,10.05128205,,-2.87037037
sham,oct 5th,Oct_5_Sham,M,40,427,10.675,,-1.87037037
sham,oct 5th,Oct_5_Sham,M,40,361,9.025,,-1.87037037
sham,oct 5th,Oct_5_Sham,M,40,389,9.725,,-1.87037037
sham,oct 5th,Oct_5_Sham,M,40,396,9.9,,-1.87037037
sham,oct 5th,Oct_5_Sham,M,41,362,8.829268293,,-0.87037037
sham,oct 5th,Oct_5_Sham,M,41,356,8.682926829,,-0.87037037
sham,oct 5th,Oct_5_Sham,M,41,372,9.073170732,,-0.87037037
sham,oct 5th,Oct_5_Sham,M,41,362,8.829268293,,-0.87037037
sham,oct 5th,Oct_5_Sham,M,41,373,9.097560976,,-0.87037037
sham,oct 5th,Oct_5_Sham,M,42,369,8.785714286,,0.12962963
sham,oct 5th,Oct_5_Sham,M,42,380,9.047619048,,0.12962963
sham,oct 5th,Oct_5_Sham,M,42,334,7.952380952,,0.12962963
sham,oct 5th,Oct_5_Sham,M,41,408,9.951219512,,-0.87037037
sham,oct 5th,Oct_5_Sham,M,41,404,9.853658537,,-0.87037037
sham,oct 5th,Oct_5_Sham,M,41,394,9.609756098,,-0.87037037
sham,oct 5th,Oct_5_Sham,M,41,381,9.292682927,,-0.87037037
sham,oct 5th,Oct_5_Sham,M,41,427,10.41463415,,-0.87037037
sham,oct 5th,Oct_5_Sham,M,41,365,8.902439024,,-0.87037037
sham,oct 5th,Oct_5_Sham,M,41,371,9.048780488,,-0.87037037
sham,oct 5th,Oct_5_Sham,M,41,375,9.146341463,,-0.87037037
bystander,oct 3rd,Oct_3_Bystander,F,47,550,11.70212766,,0.637931034
bystander,oct 3rd,Oct_3_Bystander,F,47,499,10.61702128,,0.637931034
bystander,oct 3rd,Oct_3_Bystander,F,47,495,10.53191489,,0.637931034
bystander,oct 3rd,Oct_3_Bystander,F,47,402,8.553191489,,0.637931034
bystander,oct 3rd,Oct_3_Bystander,F,47,580,12.34042553,,0.637931034
bystander,oct 3rd,Oct_3_Bystander,F,47,530,11.27659574,,0.637931034
bystander,oct 3rd,Oct_3_Bystander,F,47,463,9.85106383,MISSING HINDLEG X1,0.637931034
bystander,oct 3rd,Oct_3_Bystander,F,46,556,12.08695652,,-0.362068966
bystander,oct 3rd,Oct_3_Bystander,F,46,470,10.2173913,,-0.362068966
bystander,oct 3rd,Oct_3_Bystander,F,46,508,11.04347826,,-0.362068966
bystander,oct 3rd,Oct_3_Bystander,F,46,503,10.93478261,,-0.362068966
bystander,oct 3rd,Oct_3_Bystander,F,47,478,10.17021277,,0.637931034
bystander,oct 3rd,Oct_3_Bystander,F,46,525,11.41304348,,-0.362068966
bystander,oct 3rd,Oct_3_Bystander,F,46,405,8.804347826,,-0.362068966
bystander,oct 3rd,Oct_3_Bystander,F,48,593,12.35416667,,1.637931034
bystander,oct 3rd,Oct_3_Bystander,F,48,642,13.375,,1.637931034
bystander,oct 3rd,Oct_3_Bystander,F,48,429,8.9375,POOR WING DEVELOPMENT,1.637931034
bystander,oct 3rd,Oct_3_Bystander,F,48,540,11.25,,1.637931034
bystander,oct 3rd,Oct_3_Bystander,F,49,578,11.79591837,,2.637931034
bystander,oct 3rd,Oct_3_Bystander,F,48,448,9.333333333,,1.637931034
bystander,oct 3rd,Oct_3_Bystander,F,48,539,11.22916667,,1.637931034
bystander,oct 3rd,Oct_3_Bystander,F,47,579,12.31914894,,0.637931034
bystander,oct 3rd,Oct_3_Bystander,F,47,575,12.23404255,,0.637931034
bystander,oct 3rd,Oct_3_Bystander,F,47,525,11.17021277,,0.637931034
bystander,oct 3rd,Oct_3_Bystander,F,47,556,11.82978723,,0.637931034
bystander,oct 3rd,Oct_3_Bystander,F,47,531,11.29787234,,0.637931034
bystander,oct 3rd,Oct_3_Bystander,F,47,448,9.531914894,,0.637931034
bystander,oct 3rd,Oct_3_Bystander,F,47,587,12.4893617,,0.637931034
bystander,oct 3rd,Oct_3_Bystander,F,46,503,10.93478261,,-0.362068966
bystander,oct 3rd,Oct_3_Bystander,F,42,377,8.976190476,MISSING HIND LEG X1,-4.362068966
bystander,oct 3rd,Oct_3_Bystander,F,44,463,10.52272727,,-2.362068966
bystander,oct 3rd,Oct_3_Bystander,F,43,344,8,,-3.362068966
bystander,oct 3rd,Oct_3_Bystander,F,40,383,9.575,,-6.362068966
bystander,oct 3rd,Oct_3_Bystander,F,46,514,11.17391304,,-0.362068966
bystander,oct 3rd,Oct_3_Bystander,F,45,454,10.08888889,,-1.362068966
bystander,oct 3rd,Oct_3_Bystander,F,45,458,10.17777778,,-1.362068966
bystander,oct 3rd,Oct_3_Bystander,F,42,325,7.738095238,,-4.362068966
bystander,oct 3rd,Oct_3_Bystander,F,40,401,10.025,,-6.362068966
bystander,oct 3rd,Oct_3_Bystander,F,45,489,10.86666667,,-1.362068966
bystander,oct 3rd,Oct_3_Bystander,F,46,542,11.7826087,,-0.362068966
bystander,oct 3rd,Oct_3_Bystander,F,46,641,13.93478261,,-0.362068966
bystander,oct 3rd,Oct_3_Bystander,F,46,538,11.69565217,,-0.362068966
bystander,oct 3rd,Oct_3_Bystander,F,46,547,11.89130435,,-0.362068966
bystander,oct 3rd,Oct_3_Bystander,F,46,495,10.76086957,,-0.362068966
bystander,oct 3rd,Oct_3_Bystander,F,46,469,10.19565217,,-0.362068966
bystander,oct 3rd,Oct_3_Bystander,M,48,491,10.22916667,,1.086956522
bystander,oct 3rd,Oct_3_Bystander,M,48,443,9.229166667,,1.086956522
bystander,oct 3rd,Oct_3_Bystander,M,48,497,10.35416667,,1.086956522
bystander,oct 3rd,Oct_3_Bystander,M,48,455,9.479166667,,1.086956522
bystander,oct 3rd,Oct_3_Bystander,M,48,385,8.020833333,,1.086956522
bystander,oct 3rd,Oct_3_Bystander,M,48,491,10.22916667,,1.086956522
bystander,oct 3rd,Oct_3_Bystander,M,48,423,8.8125,,1.086956522
bystander,oct 3rd,Oct_3_Bystander,M,48,557,11.60416667,,1.086956522
bystander,oct 3rd,Oct_3_Bystander,M,43,301,7,,-3.913043478
bystander,oct 3rd,Oct_3_Bystander,M,48,537,11.1875,,1.086956522
bystander,oct 3rd,Oct_3_Bystander,M,43,384,8.930232558,,-3.913043478
bystander,oct 3rd,Oct_3_Bystander,M,50,431,8.62,,3.086956522
bystander,oct 3rd,Oct_3_Bystander,M,50,393,7.86,,3.086956522
bystander,oct 3rd,Oct_3_Bystander,M,50,438,8.76,,3.086956522
bystander,oct 3rd,Oct_3_Bystander,M,50,475,9.5,,3.086956522
bystander,oct 3rd,Oct_3_Bystander,M,51,362,7.098039216,,4.086956522
bystander,oct 3rd,Oct_3_Bystander,M,50,495,9.9,,3.086956522
bystander,oct 3rd,Oct_3_Bystander,M,50,431,8.62,,3.086956522
bystander,oct 3rd,Oct_3_Bystander,M,49,528,10.7755102,,2.086956522
bystander,oct 3rd,Oct_3_Bystander,M,49,476,9.714285714,,2.086956522
bystander,oct 3rd,Oct_3_Bystander,M,49,407,8.306122449,,2.086956522
bystander,oct 3rd,Oct_3_Bystander,M,42,356,8.476190476,,-4.913043478
bystander,oct 3rd,Oct_3_Bystander,M,49,396,8.081632653,,2.086956522
bystander,oct 3rd,Oct_3_Bystander,M,49,455,9.285714286,,2.086956522
bystander,oct 3rd,Oct_3_Bystander,M,49,488,9.959183673,,2.086956522
bystander,oct 3rd,Oct_3_Bystander,M,49,423,8.632653061,,2.086956522
bystander,oct 3rd,Oct_3_Bystander,M,47,452,9.617021277,,0.086956522
bystander,oct 3rd,Oct_3_Bystander,M,47,432,9.191489362,,0.086956522
bystander,oct 3rd,Oct_3_Bystander,M,47,458,9.744680851,,0.086956522
bystander,oct 3rd,Oct_3_Bystander,M,46,407,8.847826087,,-0.913043478
bystander,oct 3rd,Oct_3_Bystander,M,46,536,11.65217391,,-0.913043478
bystander,oct 3rd,Oct_3_Bystander,M,46,466,10.13043478,,-0.913043478
bystander,oct 3rd,Oct_3_Bystander,M,46,441,9.586956522,,-0.913043478
bystander,oct 3rd,Oct_3_Bystander,M,47,449,9.553191489,,0.086956522
bystander,oct 3rd,Oct_3_Bystander,M,47,462,9.829787234,,0.086956522
bystander,oct 3rd,Oct_3_Bystander,M,47,408,8.680851064,,0.086956522
bystander,oct 3rd,Oct_3_Bystander,M,47,449,9.553191489,,0.086956522
bystander,oct 3rd,Oct_3_Bystander,M,47,490,10.42553191,,0.086956522
bystander,oct 3rd,Oct_3_Bystander,M,47,439,9.340425532,,0.086956522
bystander,oct 3rd,Oct_3_Bystander,M,47,457,9.723404255,,0.086956522
bystander,oct 3rd,Oct_3_Bystander,M,47,436,9.276595745,,0.086956522
bystander,oct 3rd,Oct_3_Bystander,M,48,462,9.625,STUCK SHED,1.086956522
bystander,oct 3rd,Oct_3_Bystander,M,48,425,8.854166667,,1.086956522
bystander,oct 3rd,Oct_3_Bystander,M,48,484,10.08333333,,1.086956522
bystander,oct 3rd,Oct_3_Bystander,M,48,460,9.583333333,,1.086956522
bystander,oct 3rd,Oct_3_Bystander,M,48,468,9.75,,1.086956522
bystander,oct 3rd,Oct_3_Bystander,M,48,520,10.83333333,,1.086956522
bystander,oct 3rd,Oct_3_Bystander,M,48,448,9.333333333,,1.086956522
bystander,oct 3rd,Oct_3_Bystander,M,48,453,9.4375,,1.086956522
bystander,oct 3rd,Oct_3_Bystander,M,46,539,11.7173913,,-0.913043478
bystander,oct 3rd,Oct_3_Bystander,M,46,496,10.7826087,,-0.913043478
bystander,oct 3rd,Oct_3_Bystander,M,46,456,9.913043478,,-0.913043478
bystander,oct 3rd,Oct_3_Bystander,M,44,349,7.931818182,,-2.913043478
bystander,oct 3rd,Oct_3_Bystander,M,48,538,11.20833333,,1.086956522
bystander,oct 3rd,Oct_3_Bystander,M,48,411,8.5625,,1.086956522
bystander,oct 3rd,Oct_3_Bystander,M,43,331,7.697674419,,-3.913043478
bystander,oct 4th,Oct_4_Bystander,F,43,444,10.3255814,,-0.461538462
bystander,oct 4th,Oct_4_Bystander,F,43,465,10.81395349,,-0.461538462
bystander,oct 4th,Oct_4_Bystander,F,46,462,10.04347826,,2.538461538
bystander,oct 4th,Oct_4_Bystander,F,47,546,11.61702128,,3.538461538
bystander,oct 4th,Oct_4_Bystander,F,43,450,10.46511628,,-0.461538462
bystander,oct 4th,Oct_4_Bystander,F,43,367,8.534883721,,-0.461538462
bystander,oct 4th,Oct_4_Bystander,F,48,586,12.20833333,,4.538461538
bystander,oct 4th,Oct_4_Bystander,F,42,495,11.78571429,,-1.461538462
bystander,oct 4th,Oct_4_Bystander,F,42,433,10.30952381,,-1.461538462
bystander,oct 4th,Oct_4_Bystander,F,48,522,10.875,,4.538461538
bystander,oct 4th,Oct_4_Bystander,F,48,558,11.625,,4.538461538
bystander,oct 4th,Oct_4_Bystander,F,48,441,9.1875,,4.538461538
bystander,oct 4th,Oct_4_Bystander,F,47,445,9.468085106,,3.538461538
bystander,oct 4th,Oct_4_Bystander,F,46,476,10.34782609,,2.538461538
bystander,oct 4th,Oct_4_Bystander,F,45,452,10.04444444,,1.538461538
bystander,oct 4th,Oct_4_Bystander,F,44,363,8.25,,0.538461538
bystander,oct 4th,Oct_4_Bystander,F,46,526,11.43478261,,2.538461538
bystander,oct 4th,Oct_4_Bystander,F,46,440,9.565217391,,2.538461538
bystander,oct 4th,Oct_4_Bystander,F,46,406,8.826086957,,2.538461538
bystander,oct 4th,Oct_4_Bystander,F,47,525,11.17021277,,3.538461538
bystander,oct 4th,Oct_4_Bystander,F,47,474,10.08510638,,3.538461538
bystander,oct 4th,Oct_4_Bystander,F,47,424,9.021276596,,3.538461538
bystander,oct 4th,Oct_4_Bystander,F,47,553,11.76595745,,3.538461538
bystander,oct 4th,Oct_4_Bystander,F,47,538,11.44680851,,3.538461538
bystander,oct 4th,Oct_4_Bystander,F,47,533,11.34042553,,3.538461538
bystander,oct 4th,Oct_4_Bystander,F,42,409,9.738095238,,-1.461538462
bystander,oct 4th,Oct_4_Bystander,F,42,426,10.14285714,,-1.461538462
bystander,oct 4th,Oct_4_Bystander,F,42,406,9.666666667,,-1.461538462
bystander,oct 4th,Oct_4_Bystander,F,41,493,12.02439024,,-2.461538462
bystander,oct 4th,Oct_4_Bystander,F,49,635,12.95918367,,5.538461538
bystander,oct 4th,Oct_4_Bystander,F,42,372,8.857142857,,-1.461538462
bystander,oct 4th,Oct_4_Bystander,F,41,420,10.24390244,,-2.461538462
bystander,oct 4th,Oct_4_Bystander,F,41,386,9.414634146,,-2.461538462
bystander,oct 4th,Oct_4_Bystander,F,42,468,11.14285714,,-1.461538462
bystander,oct 4th,Oct_4_Bystander,F,41,527,12.85365854,,-2.461538462
bystander,oct 4th,Oct_4_Bystander,F,41,466,11.36585366,,-2.461538462
bystander,oct 4th,Oct_4_Bystander,F,42,423,10.07142857,,-1.461538462
bystander,oct 4th,Oct_4_Bystander,F,42,395,9.404761905,,-1.461538462
bystander,oct 4th,Oct_4_Bystander,F,42,432,10.28571429,,-1.461538462
bystander,oct 4th,Oct_4_Bystander,F,42,406,9.666666667,,-1.461538462
bystander,oct 4th,Oct_4_Bystander,F,42,439,10.45238095,,-1.461538462
bystander,oct 4th,Oct_4_Bystander,F,42,461,10.97619048,,-1.461538462
bystander,oct 4th,Oct_4_Bystander,F,40,387,9.675,,-3.461538462
bystander,oct 4th,Oct_4_Bystander,F,42,351,8.357142857,,-1.461538462
bystander,oct 4th,Oct_4_Bystander,F,41,401,9.780487805,,-2.461538462
bystander,oct 4th,Oct_4_Bystander,F,41,397,9.682926829,,-2.461538462
bystander,oct 4th,Oct_4_Bystander,F,40,390,9.75,POOR WING DEVELOPMENT,-3.461538462
bystander,oct 4th,Oct_4_Bystander,M,47,529,11.25531915,,2.083333333
bystander,oct 4th,Oct_4_Bystander,M,48,410,8.541666667,,3.083333333
bystander,oct 4th,Oct_4_Bystander,M,47,414,8.808510638,,2.083333333
bystander,oct 4th,Oct_4_Bystander,M,47,439,9.340425532,,2.083333333
bystander,oct 4th,Oct_4_Bystander,M,47,454,9.659574468,,2.083333333
bystander,oct 4th,Oct_4_Bystander,M,47,463,9.85106383,,2.083333333
bystander,oct 4th,Oct_4_Bystander,M,47,566,12.04255319,,2.083333333
bystander,oct 4th,Oct_4_Bystander,M,47,483,10.27659574,,2.083333333
bystander,oct 4th,Oct_4_Bystander,M,50,557,11.14,,5.083333333
bystander,oct 4th,Oct_4_Bystander,M,48,507,10.5625,,3.083333333
bystander,oct 4th,Oct_4_Bystander,M,48,475,9.895833333,,3.083333333
bystander,oct 4th,Oct_4_Bystander,M,48,480,10,,3.083333333
bystander,oct 4th,Oct_4_Bystander,M,48,494,10.29166667,,3.083333333
bystander,oct 4th,Oct_4_Bystander,M,49,489,9.979591837,,4.083333333
bystander,oct 4th,Oct_4_Bystander,M,49,480,9.795918367,,4.083333333
bystander,oct 4th,Oct_4_Bystander,M,48,493,10.27083333,,3.083333333
bystander,oct 4th,Oct_4_Bystander,M,48,461,9.604166667,,3.083333333
bystander,oct 4th,Oct_4_Bystander,M,48,455,9.479166667,,3.083333333
bystander,oct 4th,Oct_4_Bystander,M,48,509,10.60416667,,3.083333333
bystander,oct 4th,Oct_4_Bystander,M,48,451,9.395833333,,3.083333333
bystander,oct 4th,Oct_4_Bystander,M,49,325,6.632653061,"MISSING HIND LEG X1, POOR WING DEVELOPMENT",4.083333333
bystander,oct 4th,Oct_4_Bystander,M,49,484,9.87755102,,4.083333333
bystander,oct 4th,Oct_4_Bystander,M,48,442,9.208333333,,3.083333333
bystander,oct 4th,Oct_4_Bystander,M,48,423,8.8125,,3.083333333
bystander,oct 4th,Oct_4_Bystander,M,48,538,11.20833333,,3.083333333
bystander,oct 4th,Oct_4_Bystander,M,48,552,11.5,,3.083333333
bystander,oct 4th,Oct_4_Bystander,M,43,379,8.813953488,,-1.916666667
bystander,oct 4th,Oct_4_Bystander,M,43,362,8.418604651,,-1.916666667
bystander,oct 4th,Oct_4_Bystander,M,43,363,8.441860465,,-1.916666667
bystander,oct 4th,Oct_4_Bystander,M,43,361,8.395348837,,-1.916666667
bystander,oct 4th,Oct_4_Bystander,M,43,440,10.23255814,,-1.916666667
bystander,oct 4th,Oct_4_Bystander,M,43,423,9.837209302,,-1.916666667
bystander,oct 4th,Oct_4_Bystander,M,44,364,8.272727273,,-0.916666667
bystander,oct 4th,Oct_4_Bystander,M,43,405,9.418604651,,-1.916666667
bystander,oct 4th,Oct_4_Bystander,M,43,388,9.023255814,,-1.916666667
bystander,oct 4th,Oct_4_Bystander,M,43,318,7.395348837,,-1.916666667
bystander,oct 4th,Oct_4_Bystander,M,42,388,9.238095238,,-2.916666667
bystander,oct 4th,Oct_4_Bystander,M,43,375,8.720930233,,-1.916666667
bystander,oct 4th,Oct_4_Bystander,M,42,398,9.476190476,,-2.916666667
bystander,oct 4th,Oct_4_Bystander,M,42,323,7.69047619,,-2.916666667
bystander,oct 4th,Oct_4_Bystander,M,42,351,8.357142857,,-2.916666667
bystander,oct 4th,Oct_4_Bystander,M,43,375,8.720930233,,-1.916666667
bystander,oct 4th,Oct_4_Bystander,M,43,359,8.348837209,,-1.916666667
bystander,oct 4th,Oct_4_Bystander,M,43,418,9.720930233,,-1.916666667
bystander,oct 4th,Oct_4_Bystander,M,43,342,7.953488372,,-1.916666667
bystander,oct 4th,Oct_4_Bystander,M,43,323,7.511627907,,-1.916666667
bystander,oct 4th,Oct_4_Bystander,M,44,356,8.090909091,,-0.916666667
bystander,oct 4th,Oct_4_Bystander,M,44,410,9.318181818,,-0.916666667
bystander,oct 4th,Oct_4_Bystander,M,45,334,7.422222222,,0.083333333
bystander,oct 4th,Oct_4_Bystander,M,44,336,7.636363636,,-0.916666667
bystander,oct 4th,Oct_4_Bystander,M,44,413,9.386363636,,-0.916666667
bystander,oct 4th,Oct_4_Bystander,M,44,381,8.659090909,,-0.916666667
bystander,oct 4th,Oct_4_Bystander,M,46,405,8.804347826,,1.083333333
bystander,oct 4th,Oct_4_Bystander,M,46,489,10.63043478,,1.083333333
bystander,oct 4th,Oct_4_Bystander,M,45,407,9.044444444,,0.083333333
bystander,oct 4th,Oct_4_Bystander,M,45,403,8.955555556,,0.083333333
bystander,oct 4th,Oct_4_Bystander,M,45,337,7.488888889,,0.083333333
bystander,oct 4th,Oct_4_Bystander,M,44,369,8.386363636,,-0.916666667
bystander,oct 4th,Oct_4_Bystander,M,44,339,7.704545455,,-0.916666667
bystander,oct 4th,Oct_4_Bystander,M,44,332,7.545454545,,-0.916666667
bystander,oct 4th,Oct_4_Bystander,M,44,386,8.772727273,,-0.916666667
bystander,oct 4th,Oct_4_Bystander,M,44,387,8.795454545,,-0.916666667
bystander,oct 4th,Oct_4_Bystander,M,44,391,8.886363636,,-0.916666667
bystander,oct 4th,Oct_4_Bystander,M,44,342,7.772727273,,-0.916666667
bystander,oct 4th,Oct_4_Bystander,M,44,360,8.181818182,,-0.916666667
bystander,oct 4th,Oct_4_Bystander,M,44,302,6.863636364,,-0.916666667
bystander,oct 4th,Oct_4_Bystander,M,44,470,10.68181818,,-0.916666667
bystander,oct 5th,Oct_5_Bystander,F,40,485,12.125,,-0.307692308
bystander,oct 5th,Oct_5_Bystander,F,40,437,10.925,,-0.307692308
bystander,oct 5th,Oct_5_Bystander,F,40,360,9,,-0.307692308
bystander,oct 5th,Oct_5_Bystander,F,40,415,10.375,,-0.307692308
bystander,oct 5th,Oct_5_Bystander,F,40,461,11.525,,-0.307692308
bystander,oct 5th,Oct_5_Bystander,F,40,495,12.375,,-0.307692308
bystander,oct 5th,Oct_5_Bystander,F,40,394,9.85,,-0.307692308
bystander,oct 5th,Oct_5_Bystander,F,40,492,12.3,,-0.307692308
bystander,oct 5th,Oct_5_Bystander,F,40,506,12.65,,-0.307692308
bystander,oct 5th,Oct_5_Bystander,F,40,588,14.7,,-0.307692308
bystander,oct 5th,Oct_5_Bystander,F,40,387,9.675,,-0.307692308
bystander,oct 5th,Oct_5_Bystander,F,40,552,13.8,,-0.307692308
bystander,oct 5th,Oct_5_Bystander,F,40,462,11.55,,-0.307692308
bystander,oct 5th,Oct_5_Bystander,F,44,498,11.31818182,,3.692307692
bystander,oct 5th,Oct_5_Bystander,F,44,451,10.25,,3.692307692
bystander,oct 5th,Oct_5_Bystander,F,43,316,7.348837209,,2.692307692
bystander,oct 5th,Oct_5_Bystander,F,45,569,12.64444444,,4.692307692
bystander,oct 5th,Oct_5_Bystander,F,45,550,12.22222222,,4.692307692
bystander,oct 5th,Oct_5_Bystander,F,45,549,12.2,,4.692307692
bystander,oct 5th,Oct_5_Bystander,F,40,396,9.9,,-0.307692308
bystander,oct 5th,Oct_5_Bystander,F,40,405,10.125,,-0.307692308
bystander,oct 5th,Oct_5_Bystander,F,40,432,10.8,,-0.307692308
bystander,oct 5th,Oct_5_Bystander,F,41,380,9.268292683,,0.692307692
bystander,oct 5th,Oct_5_Bystander,F,41,488,11.90243902,,0.692307692
bystander,oct 5th,Oct_5_Bystander,F,40,435,10.875,,-0.307692308
bystander,oct 5th,Oct_5_Bystander,F,39,393,10.07692308,,-1.307692308
bystander,oct 5th,Oct_5_Bystander,F,39,479,12.28205128,POOR WING DEVELOPMENT,-1.307692308
bystander,oct 5th,Oct_5_Bystander,F,39,432,11.07692308,,-1.307692308
bystander,oct 5th,Oct_5_Bystander,F,39,397,10.17948718,,-1.307692308
bystander,oct 5th,Oct_5_Bystander,F,39,451,11.56410256,,-1.307692308
bystander,oct 5th,Oct_5_Bystander,F,39,494,12.66666667,,-1.307692308
bystander,oct 5th,Oct_5_Bystander,F,39,425,10.8974359,,-1.307692308
bystander,oct 5th,Oct_5_Bystander,F,39,426,10.92307692,,-1.307692308
bystander,oct 5th,Oct_5_Bystander,F,39,488,12.51282051,,-1.307692308
bystander,oct 5th,Oct_5_Bystander,F,39,384,9.846153846,,-1.307692308
bystander,oct 5th,Oct_5_Bystander,F,38,400,10.52631579,,-2.307692308
bystander,oct 5th,Oct_5_Bystander,F,37,467,12.62162162,,-3.307692308
bystander,oct 5th,Oct_5_Bystander,F,39,416,10.66666667,,-1.307692308
bystander,oct 5th,Oct_5_Bystander,F,39,428,10.97435897,,-1.307692308
bystander,oct 5th,Oct_5_Bystander,F,39,482,12.35897436,,-1.307692308
bystander,oct 5th,Oct_5_Bystander,F,39,415,10.64102564,,-1.307692308
bystander,oct 5th,Oct_5_Bystander,F,39,462,11.84615385,,-1.307692308
bystander,oct 5th,Oct_5_Bystander,M,42,433,10.30952381,,0.12962963
bystander,oct 5th,Oct_5_Bystander,M,42,390,9.285714286,,0.12962963
bystander,oct 5th,Oct_5_Bystander,M,42,318,7.571428571,,0.12962963
bystander,oct 5th,Oct_5_Bystander,M,42,405,9.642857143,,0.12962963
bystander,oct 5th,Oct_5_Bystander,M,41,359,8.756097561,,-0.87037037
bystander,oct 5th,Oct_5_Bystander,M,41,371,9.048780488,,-0.87037037
bystander,oct 5th,Oct_5_Bystander,M,41,363,8.853658537,,-0.87037037
bystander,oct 5th,Oct_5_Bystander,M,41,381,9.292682927,,-0.87037037
bystander,oct 5th,Oct_5_Bystander,M,41,421,10.26829268,,-0.87037037
bystander,oct 5th,Oct_5_Bystander,M,42,389,9.261904762,MISSING HINDLEG X1,0.12962963
bystander,oct 5th,Oct_5_Bystander,M,41,431,10.51219512,,-0.87037037
bystander,oct 5th,Oct_5_Bystander,M,41,344,8.390243902,,-0.87037037
bystander,oct 5th,Oct_5_Bystander,M,42,411,9.785714286,,0.12962963
bystander,oct 5th,Oct_5_Bystander,M,45,456,10.13333333,,3.12962963
bystander,oct 5th,Oct_5_Bystander,M,39,368,9.435897436,,-2.87037037
bystander,oct 5th,Oct_5_Bystander,M,44,373,8.477272727,,2.12962963
bystander,oct 5th,Oct_5_Bystander,M,39,393,10.07692308,,-2.87037037
bystander,oct 5th,Oct_5_Bystander,M,46,446,9.695652174,,4.12962963
bystander,oct 5th,Oct_5_Bystander,M,46,542,11.7826087,,4.12962963
bystander,oct 5th,Oct_5_Bystander,M,46,498,10.82608696,,4.12962963
bystander,oct 5th,Oct_5_Bystander,M,42,367,8.738095238,,0.12962963
bystander,oct 5th,Oct_5_Bystander,M,42,422,10.04761905,,0.12962963
bystander,oct 5th,Oct_5_Bystander,M,42,372,8.857142857,,0.12962963
bystander,oct 5th,Oct_5_Bystander,M,47,498,10.59574468,,5.12962963
bystander,oct 5th,Oct_5_Bystander,M,44,538,12.22727273,,2.12962963
bystander,oct 5th,Oct_5_Bystander,M,43,388,9.023255814,,1.12962963
bystander,oct 5th,Oct_5_Bystander,M,42,382,9.095238095,,0.12962963
bystander,oct 5th,Oct_5_Bystander,M,40,420,10.5,,-1.87037037
bystander,oct 5th,Oct_5_Bystander,M,40,389,9.725,,-1.87037037
bystander,oct 5th,Oct_5_Bystander,M,40,410,10.25,,-1.87037037
bystander,oct 5th,Oct_5_Bystander,M,40,342,8.55,,-1.87037037
bystander,oct 5th,Oct_5_Bystander,M,40,374,9.35,,-1.87037037
bystander,oct 5th,Oct_5_Bystander,M,41,373,9.097560976,,-0.87037037
bystander,oct 5th,Oct_5_Bystander,M,40,406,10.15,,-1.87037037
bystander,oct 5th,Oct_5_Bystander,M,40,409,10.225,,-1.87037037
bystander,oct 5th,Oct_5_Bystander,M,40,398,9.95,,-1.87037037
bystander,oct 5th,Oct_5_Bystander,M,40,351,8.775,,-1.87037037
bystander,oct 5th,Oct_5_Bystander,M,40,368,9.2,,-1.87037037
bystander,oct 5th,Oct_5_Bystander,M,40,384,9.6,,-1.87037037
bystander,oct 5th,Oct_5_Bystander,M,40,413,10.325,,-1.87037037
bystander,oct 5th,Oct_5_Bystander,M,40,405,10.125,,-1.87037037
bystander,oct 5th,Oct_5_Bystander,M,40,400,10,,-1.87037037
bystander,oct 5th,Oct_5_Bystander,M,40,404,10.1,,-1.87037037
bystander,oct 5th,Oct_5_Bystander,M,41,395,9.634146341,,-0.87037037
bystander,oct 5th,Oct_5_Bystander,M,41,444,10.82926829,,-0.87037037
bystander,oct 5th,Oct_5_Bystander,M,41,421,10.26829268,,-0.87037037
bystander,oct 5th,Oct_5_Bystander,M,41,396,9.658536585,,-0.87037037
bystander,oct 5th,Oct_5_Bystander,M,41,321,7.829268293,,-0.87037037
bystander,oct 5th,Oct_5_Bystander,M,41,414,10.09756098,,-0.87037037
bystander,oct 5th,Oct_5_Bystander,M,41,361,8.804878049,,-0.87037037
bystander,oct 5th,Oct_5_Bystander,M,41,357,8.707317073,,-0.87037037
bystander,oct 5th,Oct_5_Bystander,M,41,349,8.512195122,,-0.87037037
bystander,oct 5th,Oct_5_Bystander,M,41,378,9.219512195,,-0.87037037
bystander,oct 5th,Oct_5_Bystander,M,41,377,9.195121951,,-0.87037037
bystander,oct 5th,Oct_5_Bystander,M,41,411,10.02439024,,-0.87037037
bystander,oct 5th,Oct_5_Bystander,M,41,377,9.195121951,,-0.87037037
bystander,oct 5th,Oct_5_Bystander,M,41,428,10.43902439,,-0.87037037
bystander,oct 5th,Oct_5_Bystander,M,41,389,9.487804878,,-0.87037037
bystander,oct 5th,Oct_5_Bystander,M,41,357,8.707317073,,-0.87037037
bystander,oct 5th,Oct_5_Bystander,M,41,385,9.390243902,,-0.87037037
new,oct 3rd,Oct_3_New,F,44,496,11.27272727,,-2.362068966
new,oct 3rd,Oct_3_New,F,44,535,12.15909091,,-2.362068966
new,oct 3rd,Oct_3_New,F,44,467,10.61363636,,-2.362068966
new,oct 3rd,Oct_3_New,F,44,533,12.11363636,,-2.362068966
new,oct 3rd,Oct_3_New,F,44,476,10.81818182,,-2.362068966
new,oct 3rd,Oct_3_New,F,45,548,12.17777778,,-1.362068966
new,oct 3rd,Oct_3_New,F,44,558,12.68181818,,-2.362068966
new,oct 3rd,Oct_3_New,F,44,427,9.704545455,,-2.362068966
new,oct 3rd,Oct_3_New,F,44,486,11.04545455,,-2.362068966
new,oct 3rd,Oct_3_New,F,44,497,11.29545455,,-2.362068966
new,oct 3rd,Oct_3_New,F,44,473,10.75,,-2.362068966
new,oct 3rd,Oct_3_New,F,43,547,12.72093023,,-3.362068966
new,oct 3rd,Oct_3_New,F,44,497,11.29545455,,-2.362068966
new,oct 3rd,Oct_3_New,F,44,499,11.34090909,,-2.362068966
new,oct 3rd,Oct_3_New,F,44,606,13.77272727,,-2.362068966
new,oct 3rd,Oct_3_New,F,44,570,12.95454545,,-2.362068966
new,oct 3rd,Oct_3_New,F,44,532,12.09090909,,-2.362068966
new,oct 3rd,Oct_3_New,F,46,497,10.80434783,,-0.362068966
new,oct 3rd,Oct_3_New,F,46,505,10.97826087,,-0.362068966
new,oct 3rd,Oct_3_New,F,46,578,12.56521739,,-0.362068966
new,oct 3rd,Oct_3_New,F,46,606,13.17391304,,-0.362068966
new,oct 3rd,Oct_3_New,F,47,539,11.46808511,,0.637931034
new,oct 3rd,Oct_3_New,F,48,353,7.354166667,"POOR WING DEVELOPMENT, MISSING HIND LEG X1",1.637931034
new,oct 3rd,Oct_3_New,F,46,439,9.543478261,,-0.362068966
new,oct 3rd,Oct_3_New,F,47,576,12.25531915,,0.637931034
new,oct 3rd,Oct_3_New,F,45,565,12.55555556,,-1.362068966
new,oct 3rd,Oct_3_New,F,45,473,10.51111111,,-1.362068966
new,oct 3rd,Oct_3_New,F,45,563,12.51111111,,-1.362068966
new,oct 3rd,Oct_3_New,F,45,506,11.24444444,,-1.362068966
new,oct 3rd,Oct_3_New,F,45,559,12.42222222,,-1.362068966
new,oct 3rd,Oct_3_New,F,45,633,14.06666667,POOR WING DEVELOPMENT,-1.362068966
new,oct 3rd,Oct_3_New,F,45,489,10.86666667,,-1.362068966
new,oct 3rd,Oct_3_New,F,45,520,11.55555556,,-1.362068966
new,oct 3rd,Oct_3_New,F,45,476,10.57777778,,-1.362068966
new,oct 3rd,Oct_3_New,F,43,528,12.27906977,,-3.362068966
new,oct 3rd,Oct_3_New,F,40,383,9.575,,-6.362068966
new,oct 3rd,Oct_3_New,F,39,389,9.974358974,,-7.362068966
new,oct 3rd,Oct_3_New,F,39,377,9.666666667,,-7.362068966
new,oct 3rd,Oct_3_New,F,43,476,11.06976744,,-3.362068966
new,oct 3rd,Oct_3_New,F,39,305,7.820512821,,-7.362068966
new,oct 3rd,Oct_3_New,F,41,390,9.512195122,,-5.362068966
new,oct 3rd,Oct_3_New,F,40,416,10.4,,-6.362068966
new,oct 3rd,Oct_3_New,F,40,435,10.875,,-6.362068966
new,oct 3rd,Oct_3_New,F,39,436,11.17948718,POOR WING DEVELOPMENT,-7.362068966
new,oct 3rd,Oct_3_New,F,39,374,9.58974359,,-7.362068966
new,oct 3rd,Oct_3_New,F,43,521,12.11627907,,-3.362068966
new,oct 3rd,Oct_3_New,F,43,625,14.53488372,,-3.362068966
new,oct 3rd,Oct_3_New,F,43,537,12.48837209,,-3.362068966
new,oct 3rd,Oct_3_New,F,43,523,12.1627907,,-3.362068966
new,oct 3rd,Oct_3_New,F,43,542,12.60465116,,-3.362068966
new,oct 3rd,Oct_3_New,F,39,348,8.923076923,,-7.362068966
new,oct 3rd,Oct_3_New,F,43,523,12.1627907,,-3.362068966
new,oct 3rd,Oct_3_New,F,43,518,12.04651163,,-3.362068966
new,oct 3rd,Oct_3_New,F,43,590,13.72093023,,-3.362068966
new,oct 3rd,Oct_3_New,M,49,377,7.693877551,MISSING HIND LEG X1,2.086956522
new,oct 3rd,Oct_3_New,M,46,489,10.63043478,,-0.913043478
new,oct 3rd,Oct_3_New,M,46,518,11.26086957,,-0.913043478
new,oct 3rd,Oct_3_New,M,46,532,11.56521739,,-0.913043478
new,oct 3rd,Oct_3_New,M,46,430,9.347826087,,-0.913043478
new,oct 3rd,Oct_3_New,M,46,416,9.043478261,,-0.913043478
new,oct 3rd,Oct_3_New,M,47,494,10.5106383,,0.086956522
new,oct 3rd,Oct_3_New,M,46,525,11.41304348,,-0.913043478
new,oct 3rd,Oct_3_New,M,46,494,10.73913043,,-0.913043478
new,oct 3rd,Oct_3_New,M,46,415,9.02173913,,-0.913043478
new,oct 3rd,Oct_3_New,M,47,422,8.978723404,,0.086956522
new,oct 3rd,Oct_3_New,M,47,471,10.0212766,MISSING HIND LEG X1,0.086956522
new,oct 3rd,Oct_3_New,M,47,328,6.978723404,"STUCK SHED, MISSING HIND LEG X2",0.086956522
new,oct 3rd,Oct_3_New,M,47,435,9.255319149,,0.086956522
new,oct 3rd,Oct_3_New,M,47,508,10.80851064,,0.086956522
new,oct 3rd,Oct_3_New,M,47,478,10.17021277,,0.086956522
new,oct 3rd,Oct_3_New,M,40,364,9.1,,-6.913043478
new,oct 3rd,Oct_3_New,M,48,356,7.416666667,,1.086956522
new,oct 3rd,Oct_3_New,M,48,435,9.0625,,1.086956522
new,oct 3rd,Oct_3_New,M,48,418,8.708333333,,1.086956522
new,oct 3rd,Oct_3_New,M,48,435,9.0625,,1.086956522
new,oct 3rd,Oct_3_New,M,42,420,10,,-4.913043478
new,oct 3rd,Oct_3_New,M,42,384,9.142857143,,-4.913043478
new,oct 3rd,Oct_3_New,M,42,385,9.166666667,,-4.913043478
new,oct 3rd,Oct_3_New,M,45,442,9.822222222,MISSING HIND LEG X1,-1.913043478
new,oct 3rd,Oct_3_New,M,45,497,11.04444444,,-1.913043478
new,oct 3rd,Oct_3_New,M,45,470,10.44444444,,-1.913043478
new,oct 3rd,Oct_3_New,M,45,367,8.155555556,,-1.913043478
new,oct 3rd,Oct_3_New,M,44,491,11.15909091,,-2.913043478
new,oct 3rd,Oct_3_New,M,44,483,10.97727273,,-2.913043478
new,oct 3rd,Oct_3_New,M,44,445,10.11363636,MISSING HIND LEG X1,-2.913043478
new,oct 3rd,Oct_3_New,M,43,342,7.953488372,,-3.913043478
new,oct 3rd,Oct_3_New,M,42,378,9,,-4.913043478
new,oct 3rd,Oct_3_New,M,43,457,10.62790698,,-3.913043478
new,oct 3rd,Oct_3_New,M,43,361,8.395348837,,-3.913043478
new,oct 3rd,Oct_3_New,M,45,474,10.53333333,,-1.913043478
new,oct 3rd,Oct_3_New,M,41,336,8.195121951,,-5.913043478
new,oct 3rd,Oct_3_New,M,41,372,9.073170732,,-5.913043478
new,oct 3rd,Oct_3_New,M,42,361,8.595238095,,-4.913043478
new,oct 3rd,Oct_3_New,M,41,455,11.09756098,,-5.913043478
new,oct 3rd,Oct_3_New,M,41,353,8.609756098,,-5.913043478
new,oct 3rd,Oct_3_New,M,41,377,9.195121951,,-5.913043478
new,oct 3rd,Oct_3_New,M,41,335,8.170731707,,-5.913043478
new,oct 3rd,Oct_3_New,M,45,391,8.688888889,,-1.913043478
new,oct 3rd,Oct_3_New,M,45,400,8.888888889,MISSING HIND LEG X1,-1.913043478
new,oct 3rd,Oct_3_New,M,45,499,11.08888889,,-1.913043478
new,oct 3rd,Oct_3_New,M,45,430,9.555555556,,-1.913043478
new,oct 3rd,Oct_3_New,M,45,480,10.66666667,,-1.913043478
new,oct 3rd,Oct_3_New,M,45,431,9.577777778,,-1.913043478
new,oct 3rd,Oct_3_New,M,45,441,9.8,,-1.913043478
new,oct 4th,Oct_4_New,F,39,399,10.23076923,,-5.241071429
new,oct 4th,Oct_4_New,M,40,401,10.025,,-4.241071429
new,oct 4th,Oct_4_New,M,40,334,8.35,,-4.241071429
new,oct 4th,Oct_4_New,M,40,354,8.85,,-4.241071429
new,oct 4th,Oct_4_New,F,40,381,9.525,,-4.241071429
new,oct 4th,Oct_4_New,F,40,400,10,,-4.241071429
new,oct 4th,Oct_4_New,F,40,399,9.975,,-4.241071429
new,oct 4th,Oct_4_New,F,40,463,11.575,,-4.241071429
new,oct 4th,Oct_4_New,F,40,494,12.35,,-4.241071429
new,oct 4th,Oct_4_New,F,40,420,10.5,,-4.241071429
new,oct 4th,Oct_4_New,F,40,400,10,,-4.241071429
new,oct 4th,Oct_4_New,F,40,430,10.75,,-4.241071429
new,oct 4th,Oct_4_New,F,40,415,10.375,,-4.241071429
new,oct 4th,Oct_4_New,F,40,494,12.35,,-4.241071429
new,oct 4th,Oct_4_New,F,40,393,9.825,,-4.241071429
new,oct 4th,Oct_4_New,F,40,368,9.2,,-4.241071429
new,oct 4th,Oct_4_New,F,40,377,9.425,,-4.241071429
new,oct 4th,Oct_4_New,F,40,404,10.1,,-4.241071429
new,oct 4th,Oct_4_New,F,40,433,10.825,,-4.241071429
new,oct 4th,Oct_4_New,F,40,457,11.425,,-4.241071429
new,oct 4th,Oct_4_New,F,40,387,9.675,,-4.241071429
new,oct 4th,Oct_4_New,F,40,534,13.35,,-4.241071429
new,oct 4th,Oct_4_New,F,40,444,11.1,,-4.241071429
new,oct 4th,Oct_4_New,F,40,414,10.35,,-4.241071429
new,oct 4th,Oct_4_New,M,41,439,10.70731707,,-3.241071429
new,oct 4th,Oct_4_New,M,41,373,9.097560976,,-3.241071429
new,oct 4th,Oct_4_New,M,41,361,8.804878049,,-3.241071429
new,oct 4th,Oct_4_New,M,41,364,8.87804878,,-3.241071429
new,oct 4th,Oct_4_New,M,41,419,10.2195122,,-3.241071429
new,oct 4th,Oct_4_New,M,41,401,9.780487805,,-3.241071429
new,oct 4th,Oct_4_New,M,41,372,9.073170732,,-3.241071429
new,oct 4th,Oct_4_New,M,41,359,8.756097561,,-3.241071429
new,oct 4th,Oct_4_New,F,41,330,8.048780488,,-3.241071429
new,oct 4th,Oct_4_New,F,41,376,9.170731707,,-3.241071429
new,oct 4th,Oct_4_New,F,41,454,11.07317073,,-3.241071429
new,oct 4th,Oct_4_New,F,41,479,11.68292683,,-3.241071429
new,oct 4th,Oct_4_New,F,41,464,11.31707317,,-3.241071429
new,oct 4th,Oct_4_New,F,41,451,11,,-3.241071429
new,oct 4th,Oct_4_New,F,41,469,11.43902439,,-3.241071429
new,oct 4th,Oct_4_New,F,41,443,10.80487805,,-3.241071429
new,oct 4th,Oct_4_New,F,41,489,11.92682927,,-3.241071429
new,oct 4th,Oct_4_New,F,41,326,7.951219512,,-3.241071429
new,oct 4th,Oct_4_New,F,41,453,11.04878049,,-3.241071429
new,oct 4th,Oct_4_New,F,41,482,11.75609756,,-3.241071429
new,oct 4th,Oct_4_New,F,41,507,12.36585366,,-3.241071429
new,oct 4th,Oct_4_New,F,41,340,8.292682927,,-3.241071429
new,oct 4th,Oct_4_New,F,41,388,9.463414634,,-3.241071429
new,oct 4th,Oct_4_New,F,41,388,9.463414634,,-3.241071429
new,oct 4th,Oct_4_New,F,41,411,10.02439024,,-3.241071429
new,oct 4th,Oct_4_New,F,41,479,11.68292683,,-3.241071429
new,oct 4th,Oct_4_New,F,41,433,10.56097561,,-3.241071429
new,oct 4th,Oct_4_New,F,41,288,7.024390244,"POOR WING DEVELOPMENT, MISSING HING LEG X1",-3.241071429
new,oct 4th,Oct_4_New,F,41,477,11.63414634,,-3.241071429
new,oct 4th,Oct_4_New,M,42,374,8.904761905,,-2.241071429
new,oct 4th,Oct_4_New,M,42,411,9.785714286,,-2.241071429
new,oct 4th,Oct_4_New,M,42,392,9.333333333,,-2.241071429
new,oct 4th,Oct_4_New,M,42,386,9.19047619,,-2.241071429
new,oct 4th,Oct_4_New,M,42,385,9.166666667,,-2.241071429
new,oct 4th,Oct_4_New,M,42,391,9.30952381,,-2.241071429
new,oct 4th,Oct_4_New,M,42,413,9.833333333,,-2.241071429
new,oct 4th,Oct_4_New,M,42,393,9.357142857,,-2.241071429
new,oct 4th,Oct_4_New,M,42,400,9.523809524,,-2.241071429
new,oct 4th,Oct_4_New,M,42,382,9.095238095,,-2.241071429
new,oct 4th,Oct_4_New,M,42,282,6.714285714,MISSING HIND LEG X1,-2.241071429
new,oct 4th,Oct_4_New,M,42,388,9.238095238,,-2.241071429
new,oct 4th,Oct_4_New,M,42,307,7.30952381,,-2.241071429
new,oct 4th,Oct_4_New,M,42,352,8.380952381,,-2.241071429
new,oct 4th,Oct_4_New,M,42,414,9.857142857,,-2.241071429
new,oct 4th,Oct_4_New,F,42,466,11.0952381,,-2.241071429
new,oct 4th,Oct_4_New,F,42,429,10.21428571,,-2.241071429
new,oct 4th,Oct_4_New,F,42,445,10.5952381,,-2.241071429
new,oct 4th,Oct_4_New,F,42,494,11.76190476,,-2.241071429
new,oct 4th,Oct_4_New,F,42,389,9.261904762,,-2.241071429
new,oct 4th,Oct_4_New,M,43,332,7.720930233,,-1.241071429
new,oct 4th,Oct_4_New,M,43,446,10.37209302,,-1.241071429
new,oct 4th,Oct_4_New,M,43,364,8.465116279,,-1.241071429
new,oct 4th,Oct_4_New,M,43,480,11.1627907,,-1.241071429
new,oct 4th,Oct_4_New,M,43,377,8.76744186,,-1.241071429
new,oct 4th,Oct_4_New,M,43,409,9.511627907,,-1.241071429
new,oct 4th,Oct_4_New,M,43,365,8.488372093,,-1.241071429
new,oct 4th,Oct_4_New,M,43,318,7.395348837,,-1.241071429
new,oct 4th,Oct_4_New,M,43,345,8.023255814,,-1.241071429
new,oct 4th,Oct_4_New,M,43,378,8.790697674,,-1.241071429
new,oct 4th,Oct_4_New,M,43,421,9.790697674,,-1.241071429
new,oct 4th,Oct_4_New,F,43,357,8.302325581,,-1.241071429
new,oct 4th,Oct_4_New,F,44,493,11.20454545,,-0.241071429
new,oct 4th,Oct_4_New,F,44,504,11.45454545,,-0.241071429
new,oct 4th,Oct_4_New,F,44,532,12.09090909,,-0.241071429
new,oct 4th,Oct_4_New,M,45,516,11.46666667,,0.758928571
new,oct 4th,Oct_4_New,F,45,616,13.68888889,,0.758928571
new,oct 4th,Oct_4_New,F,45,531,11.8,,0.758928571
new,oct 4th,Oct_4_New,F,45,562,12.48888889,,0.758928571
new,oct 4th,Oct_4_New,F,45,549,12.2,,0.758928571
new,oct 4th,Oct_4_New,F,45,557,12.37777778,,0.758928571
new,oct 4th,Oct_4_New,F,45,451,10.02222222,,0.758928571
new,oct 4th,Oct_4_New,F,45,513,11.4,,0.758928571
new,oct 4th,Oct_4_New,F,45,479,10.64444444,,0.758928571
new,oct 4th,Oct_4_New,M,46,480,10.43478261,,1.758928571
new,oct 4th,Oct_4_New,M,46,513,11.15217391,,1.758928571
new,oct 4th,Oct_4_New,M,46,488,10.60869565,,1.758928571
new,oct 4th,Oct_4_New,M,46,479,10.41304348,,1.758928571
new,oct 4th,Oct_4_New,M,46,511,11.10869565,,1.758928571
new,oct 4th,Oct_4_New,M,46,465,10.10869565,,1.758928571
new,oct 4th,Oct_4_New,F,46,417,9.065217391,,1.758928571
new,oct 4th,Oct_4_New,F,46,539,11.7173913,,1.758928571
new,oct 4th,Oct_4_New,M,47,553,11.76595745,,2.758928571
new,oct 4th,Oct_4_New,M,47,502,10.68085106,,2.758928571
new,oct 4th,Oct_4_New,M,47,532,11.31914894,,2.758928571
new,oct 4th,Oct_4_New,M,47,476,10.12765957,,2.758928571
new,oct 4th,Oct_4_New,M,47,504,10.72340426,,2.758928571
new,oct 4th,Oct_4_New,M,47,512,10.89361702,,2.758928571
new,oct 4th,Oct_4_New,F,47,634,13.4893617,,2.758928571
new,oct 4th,Oct_4_New,M,49,373,7.612244898,MISSING HIND LEG X1,4.758928571
new,oct 5th,Oct_5_New,F,39,376,9.641025641,,-1.307692308
new,oct 5th,Oct_5_New,F,39,499,12.79487179,,-1.307692308
new,oct 5th,Oct_5_New,F,39,405,10.38461538,,-1.307692308
new,oct 5th,Oct_5_New,F,39,382,9.794871795,,-1.307692308
new,oct 5th,Oct_5_New,F,39,409,10.48717949,,-1.307692308
new,oct 5th,Oct_5_New,F,39,454,11.64102564,POOR WING DEVELOPMENT,-1.307692308
new,oct 5th,Oct_5_New,F,39,477,12.23076923,,-1.307692308
new,oct 5th,Oct_5_New,F,39,376,9.641025641,,-1.307692308
new,oct 5th,Oct_5_New,F,39,542,13.8974359,,-1.307692308
new,oct 5th,Oct_5_New,F,39,476,12.20512821,,-1.307692308
new,oct 5th,Oct_5_New,F,39,435,11.15384615,,-1.307692308
new,oct 5th,Oct_5_New,F,39,342,8.769230769,,-1.307692308
new,oct 5th,Oct_5_New,F,39,534,13.69230769,,-1.307692308
new,oct 5th,Oct_5_New,F,39,485,12.43589744,,-1.307692308
new,oct 5th,Oct_5_New,F,42,581,13.83333333,,1.692307692
new,oct 5th,Oct_5_New,F,42,580,13.80952381,,1.692307692
new,oct 5th,Oct_5_New,F,42,487,11.5952381,,1.692307692
new,oct 5th,Oct_5_New,F,43,480,11.1627907,,2.692307692
new,oct 5th,Oct_5_New,F,45,501,11.13333333,POOR WING DEVELOPMENT,4.692307692
new,oct 5th,Oct_5_New,F,44,581,13.20454545,,3.692307692
new,oct 5th,Oct_5_New,F,44,563,12.79545455,,3.692307692
new,oct 5th,Oct_5_New,F,40,466,11.65,,-0.307692308
new,oct 5th,Oct_5_New,F,40,477,11.925,,-0.307692308
new,oct 5th,Oct_5_New,F,39,385,9.871794872,,-1.307692308
new,oct 5th,Oct_5_New,F,40,386,9.65,,-0.307692308
new,oct 5th,Oct_5_New,F,42,646,15.38095238,,1.692307692
new,oct 5th,Oct_5_New,F,42,613,14.5952381,,1.692307692
new,oct 5th,Oct_5_New,F,42,505,12.02380952,,1.692307692
new,oct 5th,Oct_5_New,F,38,383,10.07894737,,-2.307692308
new,oct 5th,Oct_5_New,F,38,409,10.76315789,,-2.307692308
new,oct 5th,Oct_5_New,F,38,501,13.18421053,,-2.307692308
new,oct 5th,Oct_5_New,F,38,310,8.157894737,POOR WING AND OVIPOSITER DEVELOPMENT,-2.307692308
new,oct 5th,Oct_5_New,F,38,428,11.26315789,,-2.307692308
new,oct 5th,Oct_5_New,F,38,485,12.76315789,,-2.307692308
new,oct 5th,Oct_5_New,F,38,408,10.73684211,,-2.307692308
new,oct 5th,Oct_5_New,F,38,390,10.26315789,,-2.307692308
new,oct 5th,Oct_5_New,F,38,356,9.368421053,,-2.307692308
new,oct 5th,Oct_5_New,F,38,447,11.76315789,,-2.307692308
new,oct 5th,Oct_5_New,F,38,470,12.36842105,,-2.307692308
new,oct 5th,Oct_5_New,F,38,461,12.13157895,,-2.307692308
new,oct 5th,Oct_5_New,F,38,490,12.89473684,,-2.307692308
new,oct 5th,Oct_5_New,F,37,430,11.62162162,,-3.307692308
new,oct 5th,Oct_5_New,F,37,492,13.2972973,,-3.307692308
new,oct 5th,Oct_5_New,F,38,382,10.05263158,,-2.307692308
new,oct 5th,Oct_5_New,F,38,425,11.18421053,,-2.307692308
new,oct 5th,Oct_5_New,F,38,424,11.15789474,,-2.307692308
new,oct 5th,Oct_5_New,F,37,483,13.05405405,,-3.307692308
new,oct 5th,Oct_5_New,M,40,398,9.95,,-1.87037037
new,oct 5th,Oct_5_New,M,41,381,9.292682927,,-0.87037037
new,oct 5th,Oct_5_New,M,41,377,9.195121951,,-0.87037037
new,oct 5th,Oct_5_New,M,41,445,10.85365854,,-0.87037037
new,oct 5th,Oct_5_New,M,41,378,9.219512195,,-0.87037037
new,oct 5th,Oct_5_New,M,40,416,10.4,,-1.87037037
new,oct 5th,Oct_5_New,M,40,363,9.075,,-1.87037037
new,oct 5th,Oct_5_New,M,40,385,9.625,,-1.87037037
new,oct 5th,Oct_5_New,M,44,437,9.931818182,,2.12962963
new,oct 5th,Oct_5_New,M,44,501,11.38636364,MISSING HIND LEG X1,2.12962963
new,oct 5th,Oct_5_New,M,38,438,11.52631579,,-3.87037037
new,oct 5th,Oct_5_New,M,44,509,11.56818182,,2.12962963
new,oct 5th,Oct_5_New,M,44,562,12.77272727,,2.12962963
new,oct 5th,Oct_5_New,M,44,432,9.818181818,,2.12962963
new,oct 5th,Oct_5_New,M,44,563,12.79545455,,2.12962963
new,oct 5th,Oct_5_New,M,43,465,10.81395349,,1.12962963
new,oct 5th,Oct_5_New,M,43,387,9,,1.12962963
new,oct 5th,Oct_5_New,M,38,431,11.34210526,,-3.87037037
new,oct 5th,Oct_5_New,M,46,564,12.26086957,,4.12962963
new,oct 5th,Oct_5_New,M,43,506,11.76744186,,1.12962963
new,oct 5th,Oct_5_New,M,43,539,12.53488372,,1.12962963
new,oct 5th,Oct_5_New,M,43,445,10.34883721,,1.12962963
new,oct 5th,Oct_5_New,M,43,527,12.25581395,,1.12962963
new,oct 5th,Oct_5_New,M,39,426,10.92307692,,-2.87037037
new,oct 5th,Oct_5_New,M,39,401,10.28205128,,-2.87037037
new,oct 5th,Oct_5_New,M,39,400,10.25641026,,-2.87037037
new,oct 5th,Oct_5_New,M,39,369,9.461538462,,-2.87037037
new,oct 5th,Oct_5_New,M,39,390,10,,-2.87037037
new,oct 5th,Oct_5_New,M,39,396,10.15384615,,-2.87037037
new,oct 5th,Oct_5_New,M,39,416,10.66666667,,-2.87037037
new,oct 5th,Oct_5_New,M,39,355,9.102564103,POOR WING DEVELOPMENT,-2.87037037
new,oct 5th,Oct_5_New,M,39,385,9.871794872,,-2.87037037
new,oct 5th,Oct_5_New,M,39,368,9.435897436,,-2.87037037
new,oct 5th,Oct_5_New,M,39,369,9.461538462,POOR WING DEVELOPMENT,-2.87037037
new,oct 5th,Oct_5_New,M,39,318,8.153846154,POOR WING DEVELOPMENT,-2.87037037
new,oct 5th,Oct_5_New,M,39,419,10.74358974,,-2.87037037
new,oct 5th,Oct_5_New,M,39,352,9.025641026,,-2.87037037
new,oct 5th,Oct_5_New,M,39,357,9.153846154,,-2.87037037
new,oct 5th,Oct_5_New,M,39,396,10.15384615,,-2.87037037
new,oct 5th,Oct_5_New,M,39,367,9.41025641,,-2.87037037
new,oct 5th,Oct_5_New,M,40,415,10.375,,-1.87037037
new,oct 5th,Oct_5_New,M,40,428,10.7,,-1.87037037
new,oct 5th,Oct_5_New,M,40,362,9.05,,-1.87037037
new,oct 5th,Oct_5_New,M,40,403,10.075,,-1.87037037
new,oct 5th,Oct_5_New,M,40,409,10.225,,-1.87037037
new,oct 5th,Oct_5_New,M,40,432,10.8,,-1.87037037
new,oct 5th,Oct_5_New,M,40,402,10.05,,-1.87037037
new,oct 5th,Oct_5_New,M,40,402,10.05,,-1.87037037
new,oct 5th,Oct_5_New,M,40,367,9.175,,-1.87037037
new,oct 5th,Oct_5_New,M,39,402,10.30769231,,-2.87037037
new,oct 5th,Oct_5_New,M,39,359,9.205128205,,-2.87037037
new,oct 5th,Oct_5_New,M,39,414,10.61538462,,-2.87037037
new,oct 5th,Oct_5_New,M,39,412,10.56410256,,-2.87037037
new,oct 5th,Oct_5_New,M,40,430,10.75,,-1.87037037
new,oct 5th,Oct_5_New,M,40,403,10.075,,-1.87037037
new,oct 5th,Oct_5_New,M,39,401,10.28205128,,-2.87037037
new,oct 5th,Oct_5_New,M,40,373,9.325,,-1.87037037
